{"cameraMode":{"drawMode":0,"name":"Shaded","section":"Shading Mode"},"sceneLighting":false,"audioPlay":false,"sceneViewState":{"m_AlwaysRefresh":false,"showFog":true,"showSkybox":false,"showFlares":true,"showImageEffects":true,"showParticleSystems":true,"showVisualEffectGraphs":true,"m_FxEnabled":true},"in2DMode":false,"pivot":{"x":0.6404997706413269,"y":0.4970000386238098,"z":-2.5270020961761476},"rotation":{"x":0.09915348142385483,"y":0.22630837559700013,"z":-0.023163849487900735,"w":0.9687191843986511},"size":6.284908294677734,"orthographic":false}